Variable	logHR	HR	SE	Z	p	HR_CI95_Low	HR_CI95_High
bAge_Age	0.141610793783824	1.15212814582646	0.0076705970625504	18.4615086190879	4.21405218147496e-76	1.13493649724165	1.16958020790733
bAge_Sex	0.00700081174647565	1.00702537471582	0.0757880720202786	0.0923735300272904	0.92640126947139	0.868019516722695	1.16829182499303
bAge_bAgeAccel	0.458399177808859	1.58154019282336	0.0371776883571245	12.3299537455242	6.24825809149435e-35	1.47039672833593	1.70108470272949
GrimAge_Age	0.138538450330316	1.14859384453385	0.00762883063867676	18.1598539660786	1.07309757764599e-73	1.13154755901136	1.16589692514004
GrimAge_Sex	0.00917339527062732	1.0092155998153	0.0765673987631759	0.119808109179741	0.904635158021512	0.868579683845418	1.1726225536399
GrimAge_GrimAgeAccel	0.431557822407939	1.53965416405069	0.0374512438660563	11.5231906302337	1.00807690562683e-30	1.4306869782057	1.65692075275031
